{
    "swagger": "2.0",
    "info": {
        "version": "1.0.0",
        "title": "AssetMarketPlace"
    },
    "paths": {
        "/getAssetDetails": {
            "get": {
                "produces": [
                    "application/json"
                ],
                "responses": {
                    "200": {
                        "description": "Success response",
                        "schema": {
                            "type": "array",
                            "items": {
                                "type": "object",
                                "properties": {
                                    "name": {
                                        "type": "string",
                                        "default": "Simple Page layout Template 1"
                                    },
                                    "description": {
                                        "type": "string",
                                        "default": "Simple Page layout Template 1"
                                    },
                                    "icon": {
                                        "type": "string",
                                        "default": "layout1.png"
                                    },
                                    "category": {
                                        "type": "string",
                                        "default": "Template"
                                    },
                                    "subcategory": {
                                        "type": "string",
                                        "default": ""
                                    },
                                    "tags": {
                                        "type": "array",
                                        "items": {}
                                    },
                                    "date": {
                                        "type": "string",
                                        "default": "10/10/2017"
                                    },
                                    "author": {
                                        "type": "string",
                                        "default": "NamOs"
                                    },
                                    "version": {
                                        "type": "string",
                                        "default": "1.0"
                                    },
                                    "imageDesc": {
                                        "type": "string",
                                        "default": "layout1.png"
                                    },
                                    "implementationType": {
                                        "type": "string",
                                        "default": "PYTHON"
                                    },
                                    "like": {
                                        "type": "integer",
                                        "default": 1
                                    },
                                    "implementationFile": {
                                        "type": "string",
                                        "default": "http://localhost:8888/spotfireFramework/customLibs/ironPythonLib/templateLayout1.py"
                                    }
                                }
                            }
                        }
                    }
                },
                "parameters": [],
                "operationId": "getGetAssetDetails",
                "summary": "Get AssetDetails Summary",
                "description": "Get AssetDetails Description"
            }
        },
        "/listAssets": {
            "get": {
                "produces": [
                    "application/json"
                ],
                "responses": {
                    "200": {
                        "description": "OK",
                        "schema": {
                            "type": "array",
                            "items": {
                                "type": "object",
                                "properties": {
                                    "name": {
                                        "type": "string",
                                        "default": "Simple Page layout Template 1"
                                    },
                                    "description": {
                                        "type": "string",
                                        "default": "Simple Page layout Template 1"
                                    },
                                    "icon": {
                                        "type": "string",
                                        "default": "layout1.png"
                                    },
                                    "category": {
                                        "type": "string",
                                        "default": "Template"
                                    },
                                    "subcategory": {
                                        "type": "string",
                                        "default": ""
                                    },
                                    "tags": {
                                        "type": "array",
                                        "items": {}
                                    },
                                    "date": {
                                        "type": "string",
                                        "default": "10/10/2017"
                                    },
                                    "author": {
                                        "type": "string",
                                        "default": "NamOs"
                                    },
                                    "version": {
                                        "type": "string",
                                        "default": "1.0"
                                    },
                                    "imageDesc": {
                                        "type": "string",
                                        "default": "layout1.png"
                                    },
                                    "implementationType": {
                                        "type": "string",
                                        "default": "PYTHON"
                                    },
                                    "like": {
                                        "type": "integer",
                                        "default": 1
                                    },
                                    "implementationFile": {
                                        "type": "string",
                                        "default": "http://localhost:8888/spotfireFramework/customLibs/ironPythonLib/templateLayout1.py"
                                    }
                                }
                            }
                        }
                    }
                },
                "parameters": [],
                "operationId": "getGetAssets",
                "summary": "ListAsset Summary",
                "description": "ListAsset Description"
            }
        },
        "/getAssetFiles": {
            "get": {
                "produces": [
                    "application/json"
                ],
                "responses": {
                    "200": {
                        "description": "Success response",
                        "schema": {
                            "type": "array",
                            "items": {
                                "type": "object",
                                "properties": {
                                    "name": {
                                        "type": "string",
                                        "default": "Simple Page layout Template 1"
                                    },
                                    "description": {
                                        "type": "string",
                                        "default": "Simple Page layout Template 1"
                                    },
                                    "icon": {
                                        "type": "string",
                                        "default": "layout1.png"
                                    },
                                    "category": {
                                        "type": "string",
                                        "default": "Template"
                                    },
                                    "subcategory": {
                                        "type": "string",
                                        "default": ""
                                    },
                                    "tags": {
                                        "type": "array",
                                        "items": {}
                                    },
                                    "date": {
                                        "type": "string",
                                        "default": "10/10/2017"
                                    },
                                    "author": {
                                        "type": "string",
                                        "default": "NamOs"
                                    },
                                    "version": {
                                        "type": "string",
                                        "default": "1.0"
                                    },
                                    "imageDesc": {
                                        "type": "string",
                                        "default": "layout1.png"
                                    },
                                    "implementationType": {
                                        "type": "string",
                                        "default": "PYTHON"
                                    },
                                    "like": {
                                        "type": "integer",
                                        "default": 1
                                    },
                                    "implementationFile": {
                                        "type": "string",
                                        "default": "http://localhost:8888/spotfireFramework/customLibs/ironPythonLib/templateLayout1.py"
                                    }
                                }
                            }
                        }
                    }
                },
                "parameters": [],
                "operationId": "getGetAssetFiles",
                "summary": "Get Asset Files Summary",
                "description": "Get Asset Files Description"
            }
        },"/getAssetFile": {
            "get": {
                "produces": [
                    "application/json"
                ],
                "responses": {
                    "200": {
                        "description": "Success response"
                    }
                },
                "parameters": [
                    {
                        "name": "caseRef",
                        "in": "query",
                        "description": "",
                        "required": false,
                        "type": "string",
                        "format": ""
                    },
                    {
                        "name": "sandBox",
                        "in": "query",
                        "description": "",
                        "required": false,
                        "type": "string",
                        "format": ""
                    },
                    {
                        "name": "fileName",
                        "in": "query",
                        "description": "",
                        "required": false,
                        "type": "string",
                        "format": ""
                    }
                ],
                "operationId": "getGetAssetFile"
            }
        },"/isOrgUser": {
            "get": {
                "produces": [
                    "application/json"
                ],
                "responses": {
                    "200": {
                        "description": "Success response"
                    }
                },
                "parameters": [
                    {
                        "name": "email",
                        "in": "query",
                        "description": "",
                        "required": true,
                        "type": "string",
                        "format": ""
                    }
                ],
                "operationId": "getIsOrgUser",
                "summary": "Is user email know is the organisation",
                "description": "Is user email know is the organisation"
            }
        }
    
    },
    "definitions": {
        "GiveNewSchemaNameHere": {
            "type": "array",
            "items": {
                "type": "object",
                "properties": {
                    "name": {
                        "type": "string",
                        "default": "Simple Page layout Template 1"
                    },
                    "description": {
                        "type": "string",
                        "default": "Simple Page layout Template 1"
                    },
                    "icon": {
                        "type": "string",
                        "default": "layout1.png"
                    },
                    "category": {
                        "type": "string",
                        "default": "Template"
                    },
                    "subcategory": {
                        "type": "string",
                        "default": ""
                    },
                    "tags": {
                        "type": "array",
                        "items": {}
                    },
                    "date": {
                        "type": "string",
                        "default": "10/10/2017"
                    },
                    "author": {
                        "type": "string",
                        "default": "NamOs"
                    },
                    "version": {
                        "type": "string",
                        "default": "1.0"
                    },
                    "imageDesc": {
                        "type": "string",
                        "default": "layout1.png"
                    },
                    "implementationType": {
                        "type": "string",
                        "default": "PYTHON"
                    },
                    "like": {
                        "type": "integer",
                        "default": 1
                    },
                    "implementationFile": {
                        "type": "string",
                        "default": "http://localhost:8888/spotfireFramework/customLibs/ironPythonLib/templateLayout1.py"
                    }
                }
            }
        },
        "AssetDetails": {
            "type": "array",
            "items": {
                "type": "object",
                "properties": {
                    "name": {
                        "type": "string",
                        "default": "Simple Page layout Template 1"
                    },
                    "description": {
                        "type": "string",
                        "default": "Simple Page layout Template 1"
                    },
                    "icon": {
                        "type": "string",
                        "default": "layout1.png"
                    },
                    "category": {
                        "type": "string",
                        "default": "Template"
                    },
                    "subcategory": {
                        "type": "string",
                        "default": ""
                    },
                    "tags": {
                        "type": "array",
                        "items": {}
                    },
                    "date": {
                        "type": "string",
                        "default": "10/10/2017"
                    },
                    "author": {
                        "type": "string",
                        "default": "NamOs"
                    },
                    "version": {
                        "type": "string",
                        "default": "1.0"
                    },
                    "imageDesc": {
                        "type": "string",
                        "default": "layout1.png"
                    },
                    "implementationType": {
                        "type": "string",
                        "default": "PYTHON"
                    },
                    "like": {
                        "type": "integer",
                        "default": 1
                    },
                    "implementationFile": {
                        "type": "string",
                        "default": "http://localhost:8888/spotfireFramework/customLibs/ironPythonLib/templateLayout1.py"
                    }
                }
            }
        }
    }
}